
{
  "header": {
    "reportVersion": 2,
    "event": "Allocation failed - JavaScript heap out of memory",
    "trigger": "FatalError",
    "filename": "report.20200815.135729.28977.0.001.json",
    "dumpEventTime": "2020-08-15T13:57:29Z",
    "dumpEventTimeStamp": "1597496249166",
    "processId": 28977,
    "threadId": null,
    "cwd": "/Users/lorena.budoian/Desktop/kosiva/kosiva/src/app/components/ui-elements/tabs",
    "commandLine": [
      "/usr/local/bin/node",
      "/Users/lorena.budoian/Desktop/kosiva/kosiva/node_modules/@ngtools/webpack/src/type_checker_worker.js",
      "9d93e901-158a-4cf9-ba1b-2f0582ffcfeb"
    ],
    "nodejsVersion": "v12.16.3",
    "wordSize": 64,
    "arch": "x64",
    "platform": "darwin",
    "componentVersions": {
      "node": "12.16.3",
      "v8": "7.8.279.23-node.35",
      "uv": "1.34.2",
      "zlib": "1.2.11",
      "brotli": "1.0.7",
      "ares": "1.16.0",
      "modules": "72",
      "nghttp2": "1.40.0",
      "napi": "5",
      "llhttp": "2.0.4",
      "http_parser": "2.9.3",
      "openssl": "1.1.1g",
      "cldr": "36.0",
      "icu": "65.1",
      "tz": "2019c",
      "unicode": "12.1"
    },
    "release": {
      "name": "node",
      "lts": "Erbium",
      "headersUrl": "https://nodejs.org/download/release/v12.16.3/node-v12.16.3-headers.tar.gz",
      "sourceUrl": "https://nodejs.org/download/release/v12.16.3/node-v12.16.3.tar.gz"
    },
    "osName": "Darwin",
    "osRelease": "19.3.0",
    "osVersion": "Darwin Kernel Version 19.3.0: Thu Jan  9 20:58:23 PST 2020; root:xnu-6153.81.5~1/RELEASE_X86_64",
    "osMachine": "x86_64",
    "cpus": [
      {
        "model": "Intel(R) Core(TM) i5-8257U CPU @ 1.40GHz",
        "speed": 1400,
        "user": 42623520,
        "nice": 0,
        "sys": 15924890,
        "idle": 128497490,
        "irq": 0
      },
      {
        "model": "Intel(R) Core(TM) i5-8257U CPU @ 1.40GHz",
        "speed": 1400,
        "user": 4465690,
        "nice": 0,
        "sys": 2042200,
        "idle": 180532170,
        "irq": 0
      },
      {
        "model": "Intel(R) Core(TM) i5-8257U CPU @ 1.40GHz",
        "speed": 1400,
        "user": 39876850,
        "nice": 0,
        "sys": 12058870,
        "idle": 135104500,
        "irq": 0
      },
      {
        "model": "Intel(R) Core(TM) i5-8257U CPU @ 1.40GHz",
        "speed": 1400,
        "user": 4034670,
        "nice": 0,
        "sys": 1647390,
        "idle": 181357970,
        "irq": 0
      },
      {
        "model": "Intel(R) Core(TM) i5-8257U CPU @ 1.40GHz",
        "speed": 1400,
        "user": 36671030,
        "nice": 0,
        "sys": 10169020,
        "idle": 140200140,
        "irq": 0
      },
      {
        "model": "Intel(R) Core(TM) i5-8257U CPU @ 1.40GHz",
        "speed": 1400,
        "user": 3961470,
        "nice": 0,
        "sys": 1473460,
        "idle": 181605090,
        "irq": 0
      },
      {
        "model": "Intel(R) Core(TM) i5-8257U CPU @ 1.40GHz",
        "speed": 1400,
        "user": 33022520,
        "nice": 0,
        "sys": 8612380,
        "idle": 145405270,
        "irq": 0
      },
      {
        "model": "Intel(R) Core(TM) i5-8257U CPU @ 1.40GHz",
        "speed": 1400,
        "user": 3998290,
        "nice": 0,
        "sys": 1353480,
        "idle": 181688220,
        "irq": 0
      }
    ],
    "networkInterfaces": [
      {
        "name": "lo0",
        "internal": true,
        "mac": "00:00:00:00:00:00",
        "address": "127.0.0.1",
        "netmask": "255.0.0.0",
        "family": "IPv4"
      },
      {
        "name": "lo0",
        "internal": true,
        "mac": "00:00:00:00:00:00",
        "address": "::1",
        "netmask": "ffff:ffff:ffff:ffff:ffff:ffff:ffff:ffff",
        "family": "IPv6",
        "scopeid": 0
      },
      {
        "name": "lo0",
        "internal": true,
        "mac": "00:00:00:00:00:00",
        "address": "fe80::1",
        "netmask": "ffff:ffff:ffff:ffff::",
        "family": "IPv6",
        "scopeid": 1
      },
      {
        "name": "en3",
        "internal": false,
        "mac": "ac:de:48:00:11:22",
        "address": "fe80::aede:48ff:fe00:1122",
        "netmask": "ffff:ffff:ffff:ffff::",
        "family": "IPv6",
        "scopeid": 4
      },
      {
        "name": "en0",
        "internal": false,
        "mac": "3c:22:fb:1f:46:8d",
        "address": "fe80::da:749f:a4e3:7a1c",
        "netmask": "ffff:ffff:ffff:ffff::",
        "family": "IPv6",
        "scopeid": 6
      },
      {
        "name": "en0",
        "internal": false,
        "mac": "3c:22:fb:1f:46:8d",
        "address": "192.168.0.38",
        "netmask": "255.255.255.0",
        "family": "IPv4"
      },
      {
        "name": "awdl0",
        "internal": false,
        "mac": "4a:21:ee:02:ec:ed",
        "address": "fe80::4821:eeff:fe02:eced",
        "netmask": "ffff:ffff:ffff:ffff::",
        "family": "IPv6",
        "scopeid": 11
      },
      {
        "name": "llw0",
        "internal": false,
        "mac": "4a:21:ee:02:ec:ed",
        "address": "fe80::4821:eeff:fe02:eced",
        "netmask": "ffff:ffff:ffff:ffff::",
        "family": "IPv6",
        "scopeid": 12
      },
      {
        "name": "utun0",
        "internal": false,
        "mac": "00:00:00:00:00:00",
        "address": "fe80::7a2d:a9db:c66c:b249",
        "netmask": "ffff:ffff:ffff:ffff::",
        "family": "IPv6",
        "scopeid": 13
      },
      {
        "name": "utun1",
        "internal": false,
        "mac": "00:00:00:00:00:00",
        "address": "fe80::5a8e:3779:8098:1a1d",
        "netmask": "ffff:ffff:ffff:ffff::",
        "family": "IPv6",
        "scopeid": 14
      },
      {
        "name": "utun2",
        "internal": false,
        "mac": "00:00:00:00:00:00",
        "address": "fe80::b4b1:9267:dfdd:71c7",
        "netmask": "ffff:ffff:ffff:ffff::",
        "family": "IPv6",
        "scopeid": 17
      },
      {
        "name": "utun3",
        "internal": false,
        "mac": "00:00:00:00:00:00",
        "address": "fe80::783d:d552:10d2:65ce",
        "netmask": "ffff:ffff:ffff:ffff::",
        "family": "IPv6",
        "scopeid": 18
      }
    ],
    "host": "Lorenas-MacBook-Pro.local"
  },
  "javascriptStack": {
    "message": "No stack.",
    "stack": [
      "Unavailable."
    ]
  },
  "nativeStack": [
    {
      "pc": "0x00000001001643e7",
      "symbol": "report::TriggerNodeReport(v8::Isolate*, node::Environment*, char const*, char const*, std::__1::basic_string<char, std::__1::char_traits<char>, std::__1::allocator<char> > const&, v8::Local<v8::String>) [/usr/local/bin/node]"
    },
    {
      "pc": "0x0000000100086438",
      "symbol": "node::OnFatalError(char const*, char const*) [/usr/local/bin/node]"
    },
    {
      "pc": "0x0000000100187727",
      "symbol": "v8::Utils::ReportOOMFailure(v8::internal::Isolate*, char const*, bool) [/usr/local/bin/node]"
    },
    {
      "pc": "0x00000001001876c7",
      "symbol": "v8::internal::V8::FatalProcessOutOfMemory(v8::internal::Isolate*, char const*, bool) [/usr/local/bin/node]"
    },
    {
      "pc": "0x0000000100312e75",
      "symbol": "v8::internal::Heap::FatalProcessOutOfMemory(char const*) [/usr/local/bin/node]"
    },
    {
      "pc": "0x00000001003146ca",
      "symbol": "v8::internal::Heap::RecomputeLimits(v8::internal::GarbageCollector) [/usr/local/bin/node]"
    },
    {
      "pc": "0x000000010031114e",
      "symbol": "v8::internal::Heap::PerformGarbageCollection(v8::internal::GarbageCollector, v8::GCCallbackFlags) [/usr/local/bin/node]"
    },
    {
      "pc": "0x000000010030ef00",
      "symbol": "v8::internal::Heap::CollectGarbage(v8::internal::AllocationSpace, v8::internal::GarbageCollectionReason, v8::GCCallbackFlags) [/usr/local/bin/node]"
    },
    {
      "pc": "0x000000010031ad2a",
      "symbol": "v8::internal::Heap::AllocateRawWithLightRetry(int, v8::internal::AllocationType, v8::internal::AllocationOrigin, v8::internal::AllocationAlignment) [/usr/local/bin/node]"
    },
    {
      "pc": "0x000000010031adb1",
      "symbol": "v8::internal::Heap::AllocateRawWithRetryOrFail(int, v8::internal::AllocationType, v8::internal::AllocationOrigin, v8::internal::AllocationAlignment) [/usr/local/bin/node]"
    },
    {
      "pc": "0x00000001002e923a",
      "symbol": "v8::internal::Factory::NewFillerObject(int, bool, v8::internal::AllocationType, v8::internal::AllocationOrigin) [/usr/local/bin/node]"
    },
    {
      "pc": "0x0000000100639238",
      "symbol": "v8::internal::Runtime_AllocateInYoungGeneration(int, unsigned long*, v8::internal::Isolate*) [/usr/local/bin/node]"
    },
    {
      "pc": "0x0000000100972e59",
      "symbol": "Builtins_CEntry_Return1_DontSaveFPRegs_ArgvOnStack_NoBuiltinExit [/usr/local/bin/node]"
    }
  ],
  "javascriptHeap": {
    "totalMemory": 2141405184,
    "totalCommittedMemory": 2139921568,
    "usedMemory": 2119274088,
    "availableMemory": 61674496,
    "memoryLimit": 2197815296,
    "heapSpaces": {
      "read_only_space": {
        "memorySize": 262144,
        "committedMemory": 33088,
        "capacity": 32808,
        "used": 32808,
        "available": 0
      },
      "new_space": {
        "memorySize": 2097152,
        "committedMemory": 1105208,
        "capacity": 1047456,
        "used": 55688,
        "available": 991768
      },
      "old_space": {
        "memorySize": 2080514048,
        "committedMemory": 2080374240,
        "capacity": 2072706832,
        "used": 2069683336,
        "available": 3023496
      },
      "code_space": {
        "memorySize": 5410816,
        "committedMemory": 5288928,
        "capacity": 5152768,
        "used": 4951104,
        "available": 201664
      },
      "map_space": {
        "memorySize": 9441280,
        "committedMemory": 9440360,
        "capacity": 1080560,
        "used": 1080560,
        "available": 0
      },
      "large_object_space": {
        "memorySize": 43290624,
        "committedMemory": 43290624,
        "capacity": 43141888,
        "used": 43141888,
        "available": 0
      },
      "code_large_object_space": {
        "memorySize": 389120,
        "committedMemory": 389120,
        "capacity": 328704,
        "used": 328704,
        "available": 0
      },
      "new_large_object_space": {
        "memorySize": 0,
        "committedMemory": 0,
        "capacity": 1047456,
        "used": 0,
        "available": 1047456
      }
    }
  },
  "resourceUsage": {
    "userCpuSeconds": 5702.28,
    "kernelCpuSeconds": 540.001,
    "cpuConsumptionPercent": 20.3358,
    "maxRss": 2251661770752,
    "pageFaults": {
      "IORequired": 1326,
      "IONotRequired": 80685318
    },
    "fsActivity": {
      "reads": 0,
      "writes": 0
    }
  },
  "libuv": [
  ],
  "workers": [
  ],
  "environmentVariables": {
    "TERM_PROGRAM": "Apple_Terminal",
    "SHELL": "/bin/zsh",
    "TERM": "xterm-256color",
    "TMPDIR": "/var/folders/n0/lgtrlll13y9bbp8g954j48ww0000gn/T/",
    "TERM_PROGRAM_VERSION": "433",
    "TERM_SESSION_ID": "233DA210-D07D-4C99-882A-866B2E3F53E7",
    "USER": "lorena.budoian",
    "SSH_AUTH_SOCK": "/private/tmp/com.apple.launchd.ZXbKLA5Agp/Listeners",
    "PATH": "/usr/local/bin:/usr/bin:/bin:/usr/sbin:/sbin",
    "LaunchInstanceID": "F36EC951-4B20-4333-976E-E4AD3C81F35A",
    "PWD": "/Users/lorena.budoian/Desktop/kosiva/kosiva/src/app/components/ui-elements/tabs",
    "XPC_FLAGS": "0x0",
    "XPC_SERVICE_NAME": "0",
    "SHLVL": "1",
    "HOME": "/Users/lorena.budoian",
    "LOGNAME": "lorena.budoian",
    "SECURITYSESSIONID": "186a7",
    "OLDPWD": "/Users/lorena.budoian/Desktop/kosiva/kosiva/src/app/components/ui-elements/buttons",
    "NVM_DIR": "/Users/lorena.budoian/.nvm",
    "NVM_CD_FLAGS": "-q",
    "NVM_NODEJS_ORG_MIRROR": "https://nodejs.org/dist",
    "NVM_IOJS_ORG_MIRROR": "https://iojs.org/dist",
    "NVM_RC_VERSION": "",
    "LC_CTYPE": "UTF-8",
    "_": "/usr/local/bin/ng",
    "__CF_USER_TEXT_ENCODING": "0x1F5:0x0:0x2",
    "BROWSERSLIST_IGNORE_OLD_DATA": "1",
    "WEBPACK_DEV_SERVER": "true"
  },
  "userLimits": {
    "core_file_size_blocks": {
      "soft": 0,
      "hard": "unlimited"
    },
    "data_seg_size_kbytes": {
      "soft": "unlimited",
      "hard": "unlimited"
    },
    "file_size_blocks": {
      "soft": "unlimited",
      "hard": "unlimited"
    },
    "max_locked_memory_bytes": {
      "soft": "unlimited",
      "hard": "unlimited"
    },
    "max_memory_size_kbytes": {
      "soft": "unlimited",
      "hard": "unlimited"
    },
    "open_files": {
      "soft": 10240,
      "hard": "unlimited"
    },
    "stack_size_bytes": {
      "soft": 8388608,
      "hard": 67104768
    },
    "cpu_time_seconds": {
      "soft": "unlimited",
      "hard": "unlimited"
    },
    "max_user_processes": {
      "soft": 1392,
      "hard": 2088
    },
    "virtual_memory_kbytes": {
      "soft": "unlimited",
      "hard": "unlimited"
    }
  },
  "sharedObjects": [
    "/usr/local/bin/node",
    "/System/Library/Frameworks/CoreFoundation.framework/Versions/A/CoreFoundation",
    "/usr/lib/libSystem.B.dylib",
    "/usr/lib/libc++.1.dylib",
    "/usr/lib/libobjc.A.dylib",
    "/usr/lib/libfakelink.dylib",
    "/usr/lib/libDiagnosticMessagesClient.dylib",
    "/usr/lib/libicucore.A.dylib",
    "/usr/lib/libz.1.dylib",
    "/usr/lib/libc++abi.dylib",
    "/usr/lib/system/libcache.dylib",
    "/usr/lib/system/libcommonCrypto.dylib",
    "/usr/lib/system/libcompiler_rt.dylib",
    "/usr/lib/system/libcopyfile.dylib",
    "/usr/lib/system/libcorecrypto.dylib",
    "/usr/lib/system/libdispatch.dylib",
    "/usr/lib/system/libdyld.dylib",
    "/usr/lib/system/libkeymgr.dylib",
    "/usr/lib/system/liblaunch.dylib",
    "/usr/lib/system/libmacho.dylib",
    "/usr/lib/system/libquarantine.dylib",
    "/usr/lib/system/libremovefile.dylib",
    "/usr/lib/system/libsystem_asl.dylib",
    "/usr/lib/system/libsystem_blocks.dylib",
    "/usr/lib/system/libsystem_c.dylib",
    "/usr/lib/system/libsystem_configuration.dylib",
    "/usr/lib/system/libsystem_coreservices.dylib",
    "/usr/lib/system/libsystem_darwin.dylib",
    "/usr/lib/system/libsystem_dnssd.dylib",
    "/usr/lib/system/libsystem_featureflags.dylib",
    "/usr/lib/system/libsystem_info.dylib",
    "/usr/lib/system/libsystem_m.dylib",
    "/usr/lib/system/libsystem_malloc.dylib",
    "/usr/lib/system/libsystem_networkextension.dylib",
    "/usr/lib/system/libsystem_notify.dylib",
    "/usr/lib/system/libsystem_sandbox.dylib",
    "/usr/lib/system/libsystem_secinit.dylib",
    "/usr/lib/system/libsystem_kernel.dylib",
    "/usr/lib/system/libsystem_platform.dylib",
    "/usr/lib/system/libsystem_pthread.dylib",
    "/usr/lib/system/libsystem_symptoms.dylib",
    "/usr/lib/system/libsystem_trace.dylib",
    "/usr/lib/system/libunwind.dylib",
    "/usr/lib/system/libxpc.dylib"
  ]
}